Município,Equipes Abril/2007,Equipes Abril/2010,Equipes Abril/2013,Equipes Abril/2016,Equipes Abril/2019,Equipes Abril/2020,Equipes Abril/2021,Equipes Abril/2022,Equipes Abril/2023,população 2021,população 2020,população 2019,população 2016,população 2013,população 2010,população 2007,Qtd de UBS 2007,Qtd de UBS 2010,Qtd de UBS 2013,Qtd de UBS 2016,Qtd de UBS 2019,Qtd de UBS 2020,Qtd de UBS 2021,Qtd de UBS 2022,Qtd de UBS 2023
TOTAL,1.694,2.962,3.341,3.867,4.212,4.397,7.614,7.884,8.186,14.985.284,14.930.634,14.873.064,14.689.878,14.505.213,14.302.738,14.086.718,2.582,2.815,3.037,3.303,3.532,3.598,3.729,3.805,3.897
290010 ABAIRA,4,4,4,4,4,5,10,10,10,8.681,8.710,8.739,8.829,8.920,9.020,9.127,4,4,4,4,4,5,5,5,5
290020 ABARE,-,5,5,6,3,6,11,11,15,20.594,20.347,20.086,19.257,18.422,17.505,16.527,4,5,5,5,5,5,5,6,7
290030 ACAJUTIBA,-,6,7,7,7,7,11,12,14,15.214,15.187,15.159,15.066,14.975,14.875,14.767,2,6,7,6,6,6,6,7,7
290035 ADUSTINA,5,4,4,4,6,6,8,8,10,17.209,17.126,17.040,16.764,16.488,16.185,15.860,3,5,4,4,5,5,5,5,6
290040 AGUA FRIA,5,7,7,4,8,8,15,15,15,17.096,17.033,16.970,16.762,16.553,16.324,16.080,6,7,7,7,7,7,7,7,7
290050 ERICO CARDOSO,4,6,7,6,6,6,11,11,11,10.513,10.560,10.610,10.768,10.929,11.104,11.290,4,6,7,7,6,6,6,6,6
290060 AIQUARA,2,2,2,1,1,2,4,4,4,4.387,4.416,4.446,4.541,4.638,4.743,4.855,2,2,2,1,2,2,2,2,2
290070 ALAGOINHAS,23,28,31,31,36,36,57,55,60,153.023,152.327,151.596,149.268,146.921,144.346,141.600,27,27,31,30,35,35,37,36,37
290080 ALCOBACA,-,10,10,10,10,10,19,22,21,22.509,22.490,22.470,22.405,22.340,22.268,22.193,10,9,9,9,9,9,10,11,10
290090 ALMADINA,-,2,2,4,4,4,5,6,6,5.273,5.366,5.464,5.775,6.089,6.433,6.800,3,2,3,4,3,3,3,3,3
290100 AMARGOSA,8,11,11,10,12,12,23,23,23,37.631,37.441,37.241,36.605,35.964,35.261,34.511,7,9,10,10,11,11,11,11,11
290110 AMELIA RODRIGUES,1,7,7,6,8,11,20,18,18,24.997,25.048,25.102,25.274,25.447,25.637,25.839,5,9,7,7,10,9,7,7,7
290115 AMERICA DOURADA,4,3,6,8,7,8,15,16,17,16.086,16.090,16.094,16.105,16.117,16.131,16.147,5,4,7,11,9,9,9,10,10
290120 ANAGE,-,7,7,13,12,12,21,21,21,21.229,21.607,22.005,23.269,24.543,25.941,27.433,5,7,6,10,9,9,9,9,9
290130 ANDARAI,4,6,5,6,6,6,11,11,11,13.122,13.132,13.143,13.176,13.211,13.247,13.288,5,6,5,5,5,5,5,5,5
290135 ANDORINHA,-,6,6,8,8,7,11,12,12,14.416,14.503,14.595,14.885,15.178,15.500,15.843,7,7,7,8,8,7,7,7,7
290140 ANGICAL,2,2,2,3,5,5,10,12,14,13.902,13.938,13.977,14.100,14.224,14.360,14.505,2,2,2,5,5,5,5,5,5
290150 ANGUERA,-,2,4,5,6,6,11,11,11,11.369,11.297,11.221,10.980,10.736,10.468,10.183,2,2,3,4,6,5,5,5,5
290160 ANTAS,2,2,2,2,3,3,5,5,5,19.659,19.479,19.291,18.690,18.084,17.420,16.711,1,1,2,2,2,2,2,2,2
290170 ANTONIO CARDOSO,2,4,5,6,6,6,11,11,11,11.670,11.677,11.683,11.707,11.730,11.755,11.783,5,6,5,6,6,6,5,5,5
290180 ANTONIO GONCALVES,-,3,3,5,6,6,11,11,11,11.955,11.878,11.798,11.545,11.286,11.005,10.703,4,4,5,7,6,6,6,6,5
290190 APORA,5,7,7,7,7,7,9,11,11,17.840,17.788,17.731,17.556,17.376,17.181,16.972,7,7,7,7,7,7,7,7,7
290195 APUAREMA,3,3,4,4,2,2,3,6,6,7.274,7.302,7.330,7.422,7.514,7.615,7.723,3,3,4,4,3,3,4,5,5
290200 ARACATU,4,6,7,7,7,7,13,12,12,12.960,13.045,13.135,13.420,13.708,14.023,14.359,4,5,6,6,6,7,7,6,6
290205 ARACAS,-,3,4,5,5,5,9,9,9,12.237,12.208,12.177,12.076,11.973,11.862,11.744,-,3,3,4,4,4,4,4,4
290210 ARACI,10,12,9,7,9,1,2,2,2,54.903,54.648,54.379,53.526,52.665,51.723,50.717,9,10,7,7,7,1,2,2,2
290220 ARAMARI,4,4,4,4,4,5,7,6,6,11.519,11.461,11.397,11.198,10.997,10.777,10.541,4,4,4,4,4,4,4,4,4
290225 ARATACA,4,4,4,6,6,6,11,11,11,10.904,10.961,11.019,11.203,11.390,11.594,11.810,7,6,6,6,6,6,6,6,6
290230 ARATUIPE,2,4,4,4,4,4,8,8,8,8.848,8.837,8.825,8.789,8.751,8.709,8.666,4,5,5,4,4,4,4,4,4
290240 AURELINO LEAL,-,6,6,6,6,6,12,12,14,11.079,11.299,11.531,12.269,13.013,13.828,14.698,3,6,6,7,7,7,7,7,7
290250 BAIANOPOLIS,4,4,4,7,7,7,12,13,13,13.979,13.929,13.877,13.713,13.549,13.367,13.174,5,4,4,6,6,6,6,6,6
290260 BAIXA GRANDE,4,4,3,3,6,6,12,12,12,20.431,20.449,20.468,20.527,20.587,20.653,20.723,3,2,2,2,6,6,6,6,6
290265 BANZAE,1,5,6,5,6,7,12,13,14,13.251,13.240,13.229,13.193,13.156,13.117,13.073,5,6,6,4,5,5,5,5,6
290270 BARRA,-,5,4,5,4,4,5,5,6,54.225,53.910,53.578,52.524,51.461,50.295,49.052,2,2,2,3,2,2,2,2,2
290280 BARRA DA ESTIVA,7,7,8,8,8,8,16,16,16,20.198,20.392,20.598,21.249,21.905,22.625,23.393,8,7,8,8,8,8,8,8,8
290290 BARRA DO CHOCA,12,12,13,13,14,12,24,24,25,30.831,31.209,31.603,32.864,34.132,35.527,37.013,10,11,12,11,11,11,11,11,11
290300 BARRA DO MENDES,-,3,5,6,6,7,13,14,13,13.128,13.159,13.189,13.290,13.391,13.502,13.621,1,3,5,5,5,6,6,6,6
290310 BARRA DO ROCHA,2,2,2,3,3,4,6,6,4,5.515,5.612,5.714,6.039,6.365,6.725,7.108,3,3,2,2,2,2,2,2,2
290320 BARREIRAS,20,18,31,34,40,43,92,94,95,158.432,156.975,155.439,150.554,145.628,140.228,134.467,16,17,29,32,39,39,37,39,40
290323 BARRO ALTO,5,5,5,7,7,7,9,9,9,15.171,15.054,14.931,14.541,14.148,13.717,13.258,5,5,5,7,7,7,7,6,6
290327 BARROCAS,4,2,4,2,1,1,15,16,16,16.225,16.105,15.978,15.575,15.168,14.723,14.248,3,1,2,2,1,1,8,8,8
290330 BARRO PRETO,3,-,-,-,-,-,-,-,-,5.312,5.448,5.591,6.049,6.509,7.013,7.553,5,2,2,2,1,1,1,1,1
290340 BELMONTE,-,8,8,8,8,8,15,16,17,23.540,23.437,23.328,22.981,22.631,22.248,21.839,7,8,8,9,9,9,10,9,10
290350 BELO CAMPO,5,6,6,6,6,6,12,13,14,17.013,17.109,17.211,17.533,17.859,18.215,18.596,8,9,6,6,6,6,6,6,6
290360 BIRITINGA,4,6,7,7,8,9,13,14,14,15.989,15.984,15.979,15.964,15.947,15.929,15.910,5,6,6,6,7,8,8,8,8
290370 BOA NOVA,6,5,6,7,6,6,12,12,12,12.039,12.329,12.633,13.603,14.582,15.655,16.798,7,6,6,8,8,8,8,8,8
290380 BOA VISTA DO TUPIM,5,8,8,8,9,9,18,18,18,18.491,18.531,18.576,18.715,18.856,19.010,19.175,6,8,8,8,8,8,10,10,10
290390 BOM JESUS DA LAPA,-,2,6,15,29,29,61,65,65,70.151,69.662,69.148,67.510,65.860,64.051,62.120,8,1,3,9,18,18,23,24,24
290395 BOM JESUS DA SERRA,-,3,3,4,4,4,8,8,8,9.768,9.823,9.880,10.065,10.253,10.458,10.676,2,4,3,4,4,4,4,4,4
290400 BONINAL,4,4,4,5,5,5,8,8,9,14.518,14.446,14.368,14.122,13.874,13.602,13.311,4,4,5,5,5,5,5,5,5
290405 BONITO,3,6,6,7,7,7,13,13,13,16.999,16.884,16.764,16.378,15.990,15.564,15.110,5,6,7,7,7,7,7,7,7
290410 BOQUIRA,-,5,6,8,7,7,11,12,15,21.486,21.497,21.508,21.542,21.577,21.615,21.656,5,7,6,7,7,7,7,7,8
290420 BOTUPORA,3,5,4,6,6,6,9,8,8,10.050,10.129,10.211,10.480,10.749,11.043,11.359,4,6,4,5,5,5,7,7,7
290430 BREJOES,1,5,5,5,6,6,8,8,8,14.155,14.222,14.295,14.526,14.756,15.010,15.282,4,5,5,5,6,6,6,6,6
290440 BREJOLANDIA,1,1,1,-,6,6,11,11,10,10.675,10.618,10.557,10.364,10.169,9.956,9.729,1,1,1,-,5,5,5,5,5
290450 BROTAS DE MACAUBAS,-,3,5,6,6,6,10,10,11,10.705,10.804,10.907,11.240,11.577,11.942,12.335,3,3,5,5,5,5,5,5,5
290460 BRUMADO,14,15,17,17,17,19,38,38,42,67.468,67.335,67.195,66.749,66.300,65.808,65.283,13,12,13,14,14,15,15,15,15
290470 BUERAREMA,2,7,7,7,9,9,16,15,15,18.269,18.306,18.349,18.479,18.608,18.751,18.905,7,7,7,8,9,9,9,8,8
290475 BURITIRAMA,1,2,2,5,6,6,8,8,8,21.374,21.276,21.174,20.847,20.516,20.155,19.770,3,1,2,5,5,5,5,5,5
290480 CAATIBA,4,4,4,4,3,3,5,6,6,6.232,6.488,6.758,7.621,8.489,9.440,10.457,5,5,4,4,3,3,3,3,3
290485 CABACEIRAS DO PARAGUACU,2,5,6,6,2,2,4,4,19,19.010,18.911,18.807,18.475,18.142,17.775,17.384,6,6,7,7,2,2,3,2,9
290490 CACHOEIRA,13,13,14,15,15,15,28,27,28,33.659,33.567,33.470,33.164,32.855,32.515,32.152,15,15,13,13,13,13,13,13,13
290500 CACULE,4,7,7,7,8,8,16,16,16,23.407,23.291,23.170,22.787,22.403,21.980,21.528,6,8,8,8,9,9,9,9,9
290510 CAEM,1,1,1,2,2,3,3,3,2,8.912,9.058,9.213,9.701,10.194,10.736,11.314,1,2,1,1,1,1,2,2,1
290515 CAETANOS,-,-,-,-,7,9,15,13,13,14.671,14.608,14.542,14.333,14.123,13.893,13.646,1,1,1,1,7,9,8,8,8
290520 CAETITE,4,7,10,13,13,13,26,28,28,51.184,51.081,50.975,50.632,50.287,49.908,49.507,4,6,9,11,11,11,13,13,14
290530 CAFARNAUM,-,4,6,5,8,8,15,16,15,18.585,18.513,18.437,18.193,17.947,17.677,17.390,1,3,5,5,8,8,10,9,8
290540 CAIRU,4,4,6,6,7,7,14,14,14,18.666,18.427,18.176,17.377,16.571,15.687,14.744,4,4,5,6,7,7,8,8,8
290550 CALDEIRAO GRANDE,3,1,3,3,3,3,4,4,5,13.452,13.391,13.327,13.124,12.919,12.692,12.450,2,1,2,2,2,2,2,2,2
290560 CAMACAN,11,11,13,11,11,11,20,22,22,32.023,32.006,31.988,31.931,31.872,31.807,31.739,8,11,12,10,10,10,9,10,10
290570 CAMACARI,32,40,50,55,73,77,116,129,129,309.208,304.302,299.132,282.684,266.103,247.922,228.524,35,34,39,38,41,43,42,42,42
290580 CAMAMU,-,9,10,10,12,11,19,21,21,35.444,35.382,35.316,35.106,34.896,34.664,34.418,9,9,10,10,10,10,10,11,11
290590 CAMPO ALEGRE DE LOURDES,2,8,8,11,12,12,21,21,21,28.839,28.820,28.798,28.733,28.665,28.592,28.513,6,7,7,7,8,9,10,10,10
290600 CAMPO FORMOSO,-,2,3,3,3,3,4,6,10,71.754,71.487,71.206,70.312,69.413,68.427,67.373,3,2,2,3,3,3,4,5,6
290610 CANAPOLIS,3,-,2,2,3,3,5,5,5,9.694,9.703,9.711,9.738,9.763,9.793,9.824,6,2,2,4,4,4,4,4,4
290620 CANARANA,4,6,6,11,12,12,19,19,19,26.468,26.325,26.176,25.697,25.215,24.688,24.125,6,6,6,11,10,11,12,13,14
290630 CANAVIEIRAS,1,13,9,10,11,10,19,18,18,30.722,30.906,31.099,31.714,32.336,33.017,33.742,13,13,9,10,11,11,11,11,11
290640 CANDEAL,-,-,-,1,2,4,8,8,8,8.109,8.181,8.258,8.501,8.747,9.017,9.304,3,-,-,1,4,4,4,4,4
290650 CANDEIAS,7,10,20,21,25,25,38,38,42,87.820,87.458,87.076,85.863,84.639,83.298,81.867,25,22,20,20,22,23,24,26,26
290660 CANDIBA,3,3,3,4,4,5,8,8,8,14.415,14.368,14.319,14.162,14.005,13.833,13.650,3,3,3,3,3,4,5,5,6
290670 CANDIDO SALES,6,7,7,8,11,11,16,17,18,24.921,25.053,25.189,25.625,26.065,26.545,27.059,6,6,7,9,11,11,11,10,10
290680 CANSANCAO,-,1,12,11,14,14,18,18,20,34.929,34.882,34.834,34.681,34.525,34.355,34.174,1,1,10,10,11,11,11,11,14
290682 CANUDOS,5,2,3,2,2,2,5,4,12,16.832,16.753,16.668,16.401,16.133,15.839,15.524,4,1,2,2,2,3,3,3,7
290685 CAPELA DO ALTO ALEGRE,1,5,5,6,6,7,13,13,13,11.597,11.616,11.637,11.703,11.772,11.846,11.924,4,5,5,5,7,7,7,6,6
290687 CAPIM GROSSO,6,3,8,9,10,10,19,21,21,31.055,30.862,30.662,30.020,29.374,28.666,27.909,6,7,7,7,8,8,8,8,8
290689 CARAIBAS,5,5,5,6,6,6,9,9,9,8.659,8.801,8.951,9.426,9.905,10.430,10.990,5,5,5,5,6,6,5,5,5
290690 CARAVELAS,-,10,10,10,10,12,21,21,20,22.166,22.093,22.016,21.772,21.527,21.258,20.970,11,11,11,9,9,9,9,9,9
290700 CARDEAL DA SILVA,2,3,4,4,4,4,6,8,8,9.395,9.346,9.295,9.131,8.965,8.784,8.591,4,3,4,4,4,4,4,4,4
290710 CARINHANHA,6,8,9,9,10,10,13,14,17,29.118,29.070,29.018,28.857,28.695,28.518,28.327,6,8,9,9,9,9,9,9,8
290720 CASA NOVA,5,2,5,5,4,4,8,25,28,73.092,72.545,71.969,70.136,68.289,66.263,64.102,3,3,5,5,5,4,5,17,16
290730 CASTRO ALVES,7,9,11,12,12,12,22,22,22,26.369,26.318,26.264,26.095,25.924,25.736,25.537,7,9,10,10,10,10,10,10,10
290740 CATOLANDIA,-,1,1,3,3,3,4,5,5,3.619,3.599,3.577,3.508,3.440,3.364,3.283,1,1,1,2,2,2,2,2,2
290750 CATU,15,16,16,16,16,16,31,31,31,55.222,54.970,54.704,53.857,53.004,52.068,51.070,15,15,16,15,15,15,16,16,15
290755 CATURAMA,-,4,5,5,4,4,8,8,8,9.303,9.316,9.329,9.366,9.406,9.448,9.495,4,4,4,4,4,4,4,4,4
290760 CENTRAL,-,5,5,6,6,6,7,8,10,17.293,17.280,17.266,17.223,17.179,17.131,17.081,3,4,4,7,7,7,7,7,7
290770 CHORROCHO,-,4,5,5,5,5,9,8,8,11.221,11.200,11.177,11.105,11.033,10.953,10.868,5,5,4,4,4,4,4,4,4
290780 CICERO DANTAS,1,5,6,10,10,10,16,16,17,32.636,32.576,32.515,32.319,32.120,31.903,31.672,2,3,4,10,10,10,10,10,10
290790 CIPO,5,6,6,7,8,8,14,14,14,17.402,17.352,17.300,17.134,16.968,16.784,16.590,6,6,6,6,7,7,7,7,7
290800 COARACI,4,5,6,6,8,8,11,11,10,16.128,16.549,16.993,18.406,19.830,21.391,23.057,4,6,6,6,7,7,7,7,7
290810 COCOS,2,5,6,7,8,8,15,17,17,18.835,18.807,18.777,18.682,18.586,18.480,18.367,3,5,6,7,7,7,7,8,8
290820 CONCEICAO DA FEIRA,-,6,7,7,7,7,11,14,14,22.933,22.762,22.581,22.005,21.426,20.791,20.113,5,6,9,9,7,7,7,8,8
290830 CONCEICAO DO ALMEIDA,6,6,7,7,7,7,13,13,13,17.087,17.165,17.247,17.507,17.771,18.060,18.367,7,7,6,6,6,6,6,6,6
290840 CONCEICAO DO COITE,14,4,7,8,16,17,30,31,31,67.394,67.013,66.612,65.332,64.043,62.629,61.120,13,3,7,8,14,15,16,16,16
290850 CONCEICAO DO JACUIPE,4,7,7,7,11,11,20,24,29,33.631,33.398,33.153,32.373,31.587,30.726,29.806,5,7,7,6,10,10,10,13,16
290860 CONDE,7,8,8,8,9,9,12,12,12,26.223,26.035,25.837,25.208,24.574,23.879,23.138,8,9,9,9,10,10,10,10,10
290870 CONDEUBA,5,6,8,9,9,9,14,14,14,17.113,17.178,17.247,17.465,17.687,17.930,18.187,5,5,7,8,8,8,9,9,8
290880 CONTENDAS DO SINCORA,1,2,2,2,2,2,4,4,4,4.025,4.045,4.066,4.130,4.195,4.266,4.342,1,2,3,2,2,2,2,2,2
290890 CORACAO DE MARIA,7,7,9,9,9,9,13,13,13,22.391,22.495,22.605,22.951,23.303,23.686,24.097,8,7,8,8,8,8,10,10,7
290900 CORDEIROS,3,4,5,5,5,5,9,9,9,8.667,8.642,8.614,8.526,8.438,8.340,8.236,3,3,3,3,4,4,4,4,4
290910 CORIBE,3,1,-,-,-,-,-,-,-,14.108,14.149,14.194,14.334,14.476,14.631,14.798,3,1,1,1,1,1,1,1,1
290920 CORONEL JOAO SA,3,3,2,3,3,3,5,5,11,15.549,15.717,15.895,16.456,17.025,17.646,18.309,3,3,3,3,3,3,3,2,6
290930 CORRENTINA,3,6,8,9,9,10,16,16,17,32.243,32.191,32.137,31.965,31.792,31.601,31.398,5,6,8,9,10,10,11,11,12
290940 COTEGIPE,-,3,4,6,6,6,10,10,10,13.756,13.769,13.782,13.824,13.867,13.914,13.964,2,3,5,6,5,5,5,5,5
290950 CRAVOLANDIA,2,2,2,4,4,4,6,6,6,5.352,5.351,5.349,5.346,5.343,5.340,5.336,2,2,2,3,3,3,3,3,3
290960 CRISOPOLIS,-,-,-,2,2,2,-,-,9,21.219,21.163,21.103,20.912,20.720,20.509,20.284,-,-,-,1,1,1,-,-,6
290970 CRISTOPOLIS,3,4,4,6,7,7,13,14,15,13.981,13.947,13.910,13.795,13.679,13.551,13.415,5,5,5,5,6,6,6,6,6
290980 CRUZ DAS ALMAS,10,13,15,16,17,17,30,34,35,63.923,63.591,63.239,62.120,60.991,59.755,58.436,9,11,14,15,16,16,16,16,16
290990 CURACA,-,7,10,11,11,12,20,19,19,35.065,34.886,34.700,34.107,33.504,32.847,32.145,6,7,10,10,12,11,14,13,13
291000 DARIO MEIRA,-,2,2,4,4,4,5,5,5,10.347,10.525,10.710,11.305,11.903,12.559,13.260,2,2,2,3,3,3,3,3,3
291005 DIAS D'AVILA,10,15,15,18,21,22,41,41,42,83.705,82.432,81.089,76.819,72.514,67.794,62.758,6,6,6,11,13,13,16,16,15
291010 DOM BASILIO,3,4,4,6,6,7,12,12,12,12.281,12.240,12.199,12.067,11.934,11.788,11.632,4,4,5,6,6,5,5,5,6
291020 DOM MACEDO COSTA,2,2,2,3,3,3,5,5,5,4.072,4.065,4.058,4.036,4.013,3.987,3.959,2,2,2,2,2,2,2,2,2
291030 ELISIO MEDRADO,2,3,3,4,5,5,9,9,9,8.129,8.126,8.122,8.111,8.100,8.088,8.075,2,2,2,2,3,3,3,3,3
291040 ENCRUZILHADA,2,9,8,8,8,8,16,16,16,15.914,16.446,17.006,18.789,20.587,22.558,24.661,3,9,10,10,10,10,9,9,9
291050 ENTRE RIOS,9,-,-,-,3,3,5,5,16,42.014,41.901,41.780,41.397,41.010,40.586,40.137,9,-,-,-,2,2,2,2,11
291060 ESPLANADA,8,9,11,11,8,10,17,18,20,37.902,37.578,37.237,36.157,35.065,33.868,32.591,9,9,11,11,10,9,9,12,14
291070 EUCLIDES DA CUNHA,1,8,15,23,27,26,37,35,35,61.112,60.858,60.585,59.720,58.849,57.896,56.877,5,6,7,19,19,19,19,19,19
291072 EUNAPOLIS,23,25,29,38,38,41,67,68,69,115.360,114.396,113.380,110.149,106.890,103.318,99.508,25,24,22,20,23,25,26,26,26
291075 FATIMA,-,6,8,9,6,9,12,12,13,17.801,17.845,17.890,18.035,18.182,18.343,18.514,6,6,6,7,10,9,9,10,10
291077 FEIRA DA MATA,2,4,3,4,4,4,7,7,7,5.656,5.661,5.665,5.679,5.693,5.710,5.726,3,4,4,4,3,3,3,3,3
291080 FEIRA DE SANTANA,91,118,127,153,162,174,234,236,240,624.107,619.609,614.872,599.795,584.595,567.931,550.149,91,105,102,105,117,108,108,108,108
291085 FILADELFIA,-,6,7,8,8,8,16,16,16,16.314,16.345,16.377,16.479,16.583,16.697,16.819,2,6,7,8,8,8,9,9,9
291090 FIRMINO ALVES,2,2,2,3,4,4,7,7,7,5.641,5.629,5.617,5.577,5.538,5.494,5.448,2,2,2,3,3,3,3,3,3
291100 FLORESTA AZUL,-,3,4,5,4,5,8,8,9,10.525,10.575,10.629,10.801,10.974,11.163,11.366,3,3,3,5,4,4,4,4,4
291110 FORMOSA DO RIO PRETO,-,6,6,7,9,9,14,15,21,26.111,25.857,25.591,24.742,23.887,22.948,21.947,3,5,5,6,6,7,7,8,11
291120 GANDU,5,7,10,11,10,11,17,17,23,32.778,32.596,32.403,31.790,31.173,30.495,29.773,7,8,10,11,10,11,11,11,12
291125 GAVIAO,-,2,1,-,3,3,5,5,5,4.417,4.440,4.463,4.538,4.612,4.693,4.782,1,1,1,-,3,3,3,2,2
291130 GENTIO DO OURO,-,1,4,4,5,5,9,9,9,11.284,11.259,11.233,11.150,11.066,10.974,10.875,1,1,4,4,4,4,4,4,4
291140 GLORIA,-,7,7,6,6,6,11,11,11,15.247,15.234,15.221,15.181,15.141,15.096,15.049,8,7,7,6,5,5,5,5,5
291150 GONGOGI,3,4,5,5,6,5,9,11,11,6.852,6.985,7.128,7.578,8.033,8.530,9.061,4,5,4,4,5,5,5,4,4
291160 GOVERNADOR MANGABEIRA,3,4,8,9,11,11,20,20,20,20.800,20.762,20.722,20.593,20.463,20.322,20.171,5,5,10,9,9,9,9,9,9
291165 GUAJERU,5,5,5,6,6,6,11,11,11,6.371,6.646,6.937,7.860,8.790,9.809,10.898,5,5,5,6,6,6,7,6,6
291170 GUANAMBI,12,16,20,21,25,26,50,54,56,85.353,84.928,84.481,83.059,81.625,80.051,78.373,15,17,19,20,22,22,22,23,24
291180 GUARATINGA,-,6,6,8,8,8,12,12,12,20.565,20.700,20.843,21.295,21.752,22.253,22.787,3,7,6,8,8,8,9,9,9
291185 HELIOPOLIS,-,4,5,5,6,6,8,7,7,12.946,12.987,13.031,13.169,13.308,13.461,13.624,4,4,5,5,6,6,5,5,5
291190 IACU,4,12,12,12,13,14,23,23,23,23.950,24.121,24.305,24.887,25.472,26.117,26.802,8,11,11,11,11,11,12,13,12
291200 IBIASSUCE,3,4,5,5,6,6,10,11,11,8.849,9.031,9.224,9.837,10.454,11.130,11.852,4,4,4,4,4,4,4,4,4
291210 IBICARAI,8,12,12,11,13,13,20,22,22,21.083,21.378,21.689,22.678,23.674,24.767,25.932,10,11,11,11,11,11,11,11,11
291220 IBICOARA,6,7,7,8,8,8,15,15,15,19.990,19.786,19.571,18.889,18.201,17.447,16.643,7,7,7,7,7,7,7,7,7
291230 IBICUI,2,6,6,9,9,9,13,13,13,16.262,16.230,16.198,16.092,15.986,15.869,15.745,1,6,6,8,8,8,8,8,8
291240 IBIPEBA,4,6,5,8,8,8,14,17,15,18.421,18.319,18.211,17.868,17.520,17.141,16.736,3,6,6,8,8,8,8,9,7
291250 IBIPITANGA,-,5,7,7,6,6,12,12,12,14.989,14.947,14.902,14.760,14.617,14.460,14.292,1,4,5,7,6,6,6,6,6
291260 IBIQUERA,-,1,1,1,3,2,4,4,4,4.047,4.046,4.044,4.040,4.035,4.030,4.024,1,1,1,1,2,2,2,2,2
291270 IBIRAPITANGA,-,8,8,9,9,8,15,17,17,23.433,23.404,23.375,23.280,23.185,23.079,22.968,4,8,8,8,8,8,8,8,8
291280 IBIRAPUA,-,-,-,-,2,3,4,4,5,8.740,8.690,8.637,8.467,8.297,8.110,7.910,3,-,1,1,2,4,4,4,4
291290 IBIRATAIA,6,6,6,8,8,8,15,14,14,14.476,14.882,15.312,16.676,18.050,19.559,21.169,3,3,6,6,7,7,8,8,8
291300 IBITIARA,4,6,7,6,7,7,13,13,15,16.463,16.403,16.339,16.136,15.931,15.706,15.466,6,7,7,6,6,6,6,6,7
291310 IBITITA,-,4,5,6,4,6,11,11,11,17.048,17.080,17.113,17.223,17.333,17.452,17.580,1,3,6,5,5,5,6,6,6
291320 IBOTIRAMA,11,8,9,11,11,11,21,21,21,27.076,27.003,26.927,26.683,26.436,26.168,25.880,7,8,8,7,7,7,8,8,8
291330 ICHU,2,3,4,3,4,4,7,7,7,6.232,6.220,6.206,6.166,6.125,6.079,6.029,2,3,3,3,3,3,3,3,3
291340 IGAPORA,6,6,7,8,8,8,15,15,15,15.661,15.650,15.640,15.608,15.575,15.539,15.501,6,6,6,7,7,7,8,8,7
291345 IGRAPIUNA,4,6,6,7,7,7,12,14,14,12.963,13.091,13.226,13.656,14.087,14.562,15.066,6,6,6,7,7,7,8,7,7
291350 IGUAI,7,7,7,9,9,9,15,15,15,27.006,26.963,26.916,26.769,26.619,26.457,26.283,12,12,6,7,7,7,7,7,7
291360 ILHEUS,25,29,31,33,33,34,67,67,76,157.639,159.923,162.327,169.981,177.697,186.157,195.182,38,37,31,32,32,33,33,33,33
291370 INHAMBUPE,-,7,9,10,10,10,20,23,28,40.720,40.333,39.926,38.631,37.325,35.893,34.366,4,6,10,10,10,10,10,13,13
291380 IPECAETA,4,4,4,7,7,7,10,10,10,14.229,14.354,14.487,14.910,15.335,15.802,16.301,5,4,4,5,5,5,6,6,6
291390 IPIAU,-,13,13,12,16,16,24,28,29,45.969,45.922,45.873,45.719,45.563,45.392,45.210,9,11,11,11,15,14,14,14,14
291400 IPIRA,2,3,4,15,12,15,20,20,20,59.281,59.435,59.595,60.108,60.625,61.192,61.797,4,2,1,12,10,12,13,13,13
291410 IPUPIARA,-,3,4,4,4,4,6,6,6,9.954,9.911,9.865,9.721,9.576,9.417,9.247,2,2,3,3,3,4,4,4,4
291420 IRAJUBA,3,3,3,4,4,4,5,6,6,7.295,7.279,7.260,7.205,7.149,7.090,7.022,3,3,3,4,4,4,4,4,4
291430 IRAMAIA,1,5,6,6,6,6,8,8,8,7.874,8.197,8.537,9.621,10.714,11.912,13.191,4,4,5,5,5,5,5,5,5
291440 IRAQUARA,4,6,6,9,8,9,19,19,19,25.728,25.478,25.216,24.384,23.544,22.623,21.640,7,7,7,9,9,10,10,10,10
291450 IRARA,-,2,7,8,10,12,22,22,22,29.305,29.173,29.034,28.594,28.150,27.664,27.145,3,1,6,7,9,10,11,11,11
291460 IRECE,16,18,19,20,22,24,43,43,43,74.050,73.524,72.967,71.199,69.417,67.464,65.380,18,17,17,18,20,22,23,23,23
291465 ITABELA,8,11,11,12,12,12,18,18,18,30.901,30.747,30.584,30.066,29.543,28.970,28.359,8,10,10,11,11,11,13,13,13
291470 ITABERABA,14,17,19,22,20,22,37,37,39,64.795,64.646,64.489,63.991,63.489,62.938,62.351,8,9,11,16,17,18,18,18,19
291480 ITABUNA,34,38,43,44,49,51,66,69,72,214.123,213.685,213.223,211.751,210.271,208.645,206.911,29,32,31,32,33,33,33,34,34
291490 ITACARE,-,5,9,9,10,10,16,19,19,29.051,28.684,28.296,27.064,25.822,24.460,23.007,4,4,9,14,10,10,11,13,13
291500 ITAETE,6,6,7,8,8,8,12,12,12,16.164,16.110,16.056,15.880,15.704,15.510,15.303,6,6,6,7,7,7,7,7,7
291510 ITAGI,6,-,-,1,1,1,2,2,8,12.140,12.242,12.351,12.694,13.040,13.420,13.825,7,1,1,1,1,1,2,2,5
291520 ITAGIBA,2,1,4,6,6,6,9,12,11,14.331,14.452,14.579,14.985,15.392,15.841,16.318,5,4,5,5,4,4,4,6,7
291530 ITAGIMIRIM,3,4,4,4,4,4,7,7,7,6.784,6.825,6.869,7.008,7.147,7.300,7.463,3,3,3,3,3,3,3,3,3
291535 ITAGUACU DA BAHIA,4,4,4,4,4,3,8,11,11,14.650,14.542,14.429,14.069,13.705,13.307,12.882,5,5,5,5,4,4,4,7,7
291540 ITAJU DO COLONIA,-,2,4,4,4,4,7,7,7,6.515,6.596,6.682,6.952,7.226,7.526,7.847,1,2,3,3,4,4,4,4,3
291550 ITAJUIPE,3,7,7,8,7,8,14,15,14,20.309,20.398,20.491,20.786,21.084,21.409,21.757,4,6,6,6,7,7,7,7,7
291560 ITAMARAJU,9,22,16,22,23,24,28,29,29,64.423,64.455,64.486,64.590,64.693,64.807,64.928,15,18,23,17,18,19,21,23,22
291570 ITAMARI,3,4,3,3,3,3,5,6,6,7.971,8.003,8.035,8.138,8.242,8.356,8.478,3,4,3,3,4,3,4,4,4
291580 ITAMBE,4,2,3,7,8,10,15,15,18,22.474,22.754,23.049,23.986,24.932,25.968,27.075,6,1,1,5,7,7,7,7,8
291590 ITANAGRA,3,3,3,3,3,3,5,5,5,6.433,6.436,6.441,6.455,6.467,6.482,6.497,2,2,2,3,3,3,3,3,3
291600 ITANHEM,-,6,8,9,9,9,19,21,21,19.231,19.316,19.405,19.688,19.975,20.289,20.624,6,6,8,8,8,8,8,8,8
291610 ITAPARICA,6,6,7,10,12,12,21,20,21,22.440,22.337,22.228,21.881,21.531,21.147,20.738,8,7,8,9,9,9,9,9,9
291620 ITAPE,4,5,5,5,6,6,10,10,10,8.300,8.526,8.761,9.515,10.273,11.106,11.992,5,6,6,7,7,7,7,7,7
291630 ITAPEBI,-,4,5,5,5,5,10,10,10,10.173,10.215,10.259,10.399,10.541,10.696,10.862,4,4,4,5,5,5,5,5,5
291640 ITAPETINGA,8,11,14,15,16,17,33,33,34,77.408,76.795,76.147,74.088,72.012,69.736,67.307,11,12,16,16,17,18,21,21,21
291650 ITAPICURU,6,2,2,2,2,2,2,22,22,36.173,35.883,35.576,34.602,33.618,32.540,31.390,7,2,2,2,2,2,2,14,14
291660 ITAPITANGA,3,3,3,4,4,4,6,6,6,10.284,10.298,10.313,10.360,10.407,10.459,10.515,3,3,3,4,4,4,4,4,4
291670 ITAQUARA,3,3,3,5,5,5,8,8,8,8.375,8.347,8.319,8.226,8.132,8.031,7.922,3,3,3,4,4,4,4,4,4
291680 ITARANTIM,4,5,6,7,7,6,9,10,10,19.937,19.843,19.747,19.439,19.129,18.787,18.424,11,6,6,6,6,7,7,7,7
291685 ITATIM,1,6,7,8,8,8,11,11,11,14.588,14.539,14.487,14.320,14.153,13.970,13.775,7,7,6,7,7,7,7,7,7
291690 ITIRUCU,-,5,6,6,6,6,9,9,9,12.482,12.528,12.576,12.726,12.879,13.046,13.224,6,6,6,6,6,6,6,6,6
291700 ITIUBA,4,6,8,14,11,11,20,20,20,36.140,36.116,36.089,36.009,35.927,35.836,35.740,5,5,7,12,12,12,13,13,12
291710 ITORORO,3,4,6,7,8,9,16,16,16,20.394,20.388,20.382,20.362,20.342,20.320,20.297,4,4,7,7,8,8,8,8,8
291720 ITUACU,-,8,8,8,8,8,16,16,16,19.095,19.030,18.962,18.742,18.522,18.280,18.022,7,8,8,8,8,8,8,8,8
291730 ITUBERA,7,7,7,8,8,9,14,15,15,28.870,28.740,28.602,28.162,27.720,27.235,26.718,10,7,7,8,9,10,10,11,12
291733 IUIU,3,3,3,4,4,4,7,7,7,11.038,11.016,10.994,10.921,10.848,10.767,10.683,2,2,3,3,3,3,4,4,4
291735 JABORANDI,-,3,3,3,4,4,8,8,8,8.176,8.277,8.385,8.723,9.065,9.441,9.841,-,3,3,3,4,4,5,5,4
291740 JACARACI,4,-,-,-,-,-,-,-,-,14.855,14.850,14.842,14.818,14.794,14.769,14.740,5,1,-,-,-,-,-,-,-
291750 JACOBINA,14,15,16,20,23,24,43,39,41,80.749,80.635,80.518,80.141,79.760,79.343,78.897,12,12,13,15,20,20,20,20,21
291760 JAGUAQUARA,14,15,15,16,18,18,25,27,28,54.913,54.673,54.423,53.628,52.825,51.944,51.006,13,14,14,16,16,16,16,16,16
291770 JAGUARARI,-,7,10,12,12,12,23,24,24,33.915,33.746,33.570,33.007,32.440,31.819,31.156,11,11,13,10,10,10,12,13,13
291780 JAGUARIPE,3,5,6,6,7,7,13,14,14,19.162,18.981,18.788,18.179,17.564,16.890,16.171,4,9,8,8,9,9,9,9,9
291790 JANDAIRA,-,3,3,3,4,4,9,9,9,10.742,10.726,10.709,10.655,10.601,10.542,10.479,1,3,3,3,3,3,4,4,4
291800 JEQUIE,-,37,37,39,42,42,80,81,81,156.277,156.126,155.966,155.457,154.946,154.385,153.786,18,23,23,24,26,26,26,26,26
291810 JEREMOABO,-,9,11,14,16,17,24,29,29,40.832,40.651,40.463,39.861,39.252,38.584,37.874,2,10,12,15,15,15,16,16,16
291820 JIQUIRICA,2,4,4,5,8,8,13,13,13,14.576,14.557,14.537,14.475,14.412,14.341,14.268,3,3,3,3,7,7,8,8,8
291830 JITAUNA,-,5,6,6,6,6,-,-,-,10.470,10.808,11.166,12.304,13.450,14.707,16.048,7,5,6,6,6,6,-,-,-
291835 JOAO DOURADO,-,2,2,7,7,6,13,13,14,25.606,25.402,25.188,24.508,23.823,23.071,22.267,5,3,3,7,7,6,7,7,8
291840 JUAZEIRO,49,59,59,64,64,65,113,119,119,219.544,218.162,216.707,212.073,207.403,202.281,196.818,36,47,47,49,48,50,51,51,51
291845 JUCURUCU,-,-,5,6,6,6,6,7,7,8.856,8.988,9.126,9.568,10.012,10.500,11.020,-,-,5,5,5,5,5,5,5
291850 JUSSARA,1,2,2,4,4,6,10,12,12,15.241,15.262,15.284,15.354,15.427,15.504,15.586,1,1,2,4,4,5,5,6,6
291855 JUSSARI,-,3,3,4,4,4,7,7,7,5.706,5.768,5.833,6.043,6.252,6.482,6.729,3,3,3,3,3,3,3,3,3
291860 JUSSIAPE,3,4,4,5,5,7,11,11,11,5.777,5.976,6.186,6.854,7.527,8.265,9.051,3,4,4,4,4,4,4,4,4
291870 LAFAIETE COUTINHO,2,2,2,3,3,3,5,5,5,3.663,3.693,3.724,3.823,3.922,4.032,4.147,2,2,2,2,2,2,2,2,2
291875 LAGOA REAL,5,5,6,6,6,6,12,12,12,15.870,15.770,15.665,15.328,14.989,14.619,14.222,5,5,6,6,6,6,7,7,7
291880 LAJE,7,7,7,7,9,9,18,18,18,24.214,24.032,23.840,23.231,22.618,21.943,21.224,9,7,7,7,9,9,9,9,9
291890 LAJEDAO,1,1,1,3,3,3,5,6,6,3.993,3.975,3.955,3.893,3.828,3.760,3.686,2,4,5,6,6,6,6,6,6
291900 LAJEDINHO,1,1,1,1,1,1,2,2,2,3.735,3.758,3.783,3.861,3.937,4.023,4.114,5,1,1,1,1,1,1,1,1
291905 LAJEDO DO TABOCAL,-,3,3,4,5,5,8,8,8,8.591,8.577,8.562,8.513,8.465,8.411,8.356,3,3,3,4,4,4,4,4,4
291910 LAMARAO,1,1,3,3,3,3,2,2,2,8.078,8.191,8.307,8.681,9.057,9.471,9.911,1,1,2,2,2,2,1,1,1
291915 LAPAO,5,7,8,12,10,11,17,17,20,27.323,27.274,27.223,27.059,26.894,26.712,26.518,4,6,7,9,8,9,10,10,10
291920 LAURO DE FREITAS,16,25,34,40,46,49,77,77,88,204.669,201.635,198.440,188.271,178.020,166.780,154.788,13,16,20,18,18,18,18,18,18
291930 LENCOIS,4,5,5,5,4,4,8,8,8,11.586,11.499,11.409,11.121,10.831,10.512,10.172,4,4,4,4,4,4,5,5,5
291940 LICINIO DE ALMEIDA,3,4,7,7,7,7,13,13,13,12.357,12.373,12.388,12.440,12.492,12.547,12.608,4,4,6,6,6,6,6,6,6
291950 LIVRAMENTO DE NOSSA SENHORA,-,2,1,1,-,14,26,26,26,46.372,46.062,45.732,44.684,43.630,42.474,41.239,3,2,1,1,-,12,12,12,12
291955 LUIS EDUARDO MAGALHAES,2,6,9,17,19,19,41,39,45,92.671,90.162,87.519,79.107,70.628,61.330,51.410,3,12,16,29,19,19,22,20,20
291960 MACAJUBA,3,4,4,4,4,4,8,8,8,11.318,11.332,11.348,11.396,11.445,11.498,11.554,2,3,3,3,3,3,3,3,3
291970 MACARANI,2,5,6,6,6,6,10,11,11,19.056,18.909,18.755,18.263,17.767,17.224,16.643,3,5,6,6,6,6,6,6,6
291980 MACAUBAS,-,10,16,16,19,19,25,24,25,50.481,50.161,49.826,48.757,47.679,46.499,45.237,17,7,8,11,15,15,16,15,15
291990 MACURURE,-,5,5,5,5,5,9,9,9,7.752,7.787,7.824,7.940,8.056,8.185,8.322,6,9,8,7,4,4,4,4,4
291992 MADRE DE DEUS,5,5,6,6,7,7,13,13,13,21.754,21.432,21.093,20.012,18.924,17.730,16.456,5,5,5,5,6,6,6,6,6
291995 MAETINGA,4,4,6,6,6,6,9,9,9,2.386,2.764,3.161,4.426,5.698,7.094,8.583,5,5,5,5,6,6,6,5,6
292000 MAIQUINIQUE,-,2,2,3,3,3,5,6,5,10.294,10.206,10.112,9.815,9.516,9.188,8.838,2,2,2,3,3,3,3,3,4
292010 MAIRI,3,7,7,8,8,9,16,16,16,18.535,18.602,18.676,18.910,19.145,19.403,19.677,5,6,6,6,6,7,8,8,8
292020 MALHADA,3,4,5,6,6,5,10,10,10,16.875,16.861,16.845,16.797,16.748,16.695,16.637,5,4,5,5,5,5,5,5,5
292030 MALHADA DE PEDRAS,3,3,5,5,5,5,7,7,7,8.326,8.359,8.393,8.504,8.615,8.738,8.868,3,3,5,5,5,5,6,5,5
292040 MANOEL VITORINO,1,5,5,5,6,5,9,9,9,12.944,13.087,13.240,13.721,14.207,14.739,15.307,3,5,5,5,5,5,5,5,5
292045 MANSIDAO,-,2,3,4,5,6,9,10,10,13.822,13.734,13.643,13.350,13.054,12.731,12.385,1,2,3,4,5,6,6,6,6
292050 MARACAS,-,8,8,8,8,8,13,14,14,19.973,20.393,20.834,22.238,23.653,25.204,26.860,3,6,6,7,7,7,7,7,7
292060 MARAGOGIPE,2,9,14,14,15,15,26,26,26,44.902,44.793,44.677,44.309,43.937,43.530,43.097,3,9,12,14,14,14,14,14,14
292070 MARAU,3,8,8,8,8,7,-,1,16,20.664,20.617,20.570,20.415,20.260,20.089,19.908,5,8,8,9,9,8,-,1,10
292080 MARCIONILIO SOUZA,3,5,5,5,5,5,7,10,10,10.357,10.380,10.406,10.490,10.573,10.665,10.762,5,5,5,5,5,5,5,6,6
292090 MASCOTE,6,6,3,7,7,8,14,14,14,13.619,13.717,13.822,14.155,14.490,14.858,15.251,6,6,6,6,7,7,7,7,8
292100 MATA DE SAO JOAO,6,11,13,16,16,16,30,30,32,47.643,47.126,46.583,44.853,43.110,41.198,39.158,12,12,13,15,15,15,15,15,16
292105 MATINA,4,4,4,5,5,5,8,8,8,12.359,12.283,12.201,11.943,11.684,11.399,11.094,4,5,7,7,7,5,5,5,5
292110 MEDEIROS NETO,9,9,10,10,10,10,17,17,17,22.741,22.716,22.688,22.603,22.514,22.418,22.316,9,9,9,9,9,9,10,10,10
292120 MIGUEL CALMON,7,7,9,10,12,12,22,22,22,25.771,25.894,26.023,26.437,26.851,27.307,27.794,6,7,8,8,9,9,10,10,10
292130 MILAGRES,-,4,3,4,4,5,9,9,9,10.838,10.893,10.950,11.131,11.314,11.513,11.726,1,4,5,5,4,4,4,4,4
292140 MIRANGABA,5,6,7,8,8,8,14,13,13,18.603,18.474,18.338,17.905,17.468,16.988,16.478,5,6,7,9,9,9,9,9,9
292145 MIRANTE,4,4,5,5,6,6,11,11,11,8.264,8.447,8.641,9.258,9.878,10.559,11.286,4,4,4,4,5,5,5,5,5
292150 MONTE SANTO,7,18,19,19,21,21,28,28,28,49.145,49.278,49.418,49.864,50.315,50.808,51.334,6,15,20,13,17,17,17,21,21
292160 MORPARA,1,1,1,2,2,3,5,5,5,8.476,8.497,8.519,8.589,8.660,8.738,8.821,1,1,1,2,3,3,3,3,3
292170 MORRO DO CHAPEU,-,8,13,16,17,17,33,38,35,35.466,35.440,35.413,35.325,35.240,35.143,35.042,5,9,12,14,14,14,16,21,20
292180 MORTUGABA,4,5,6,7,7,7,12,12,12,12.063,12.052,12.042,12.008,11.973,11.933,11.893,5,6,6,5,6,6,7,7,6
292190 MUCUGE,-,4,5,5,6,6,10,11,11,8.725,8.889,9.062,9.613,10.170,10.779,11.428,4,4,5,5,6,6,6,6,6
292200 MUCURI,4,11,14,14,16,16,27,27,27,42.729,42.251,41.748,40.146,38.531,36.760,34.871,13,14,13,13,14,14,14,14,15
292205 MULUNGU DO MORRO,2,4,4,5,5,5,9,10,9,10.469,10.673,10.889,11.575,12.265,13.024,13.832,1,3,3,3,5,5,6,5,4
292210 MUNDO NOVO,-,6,4,7,8,7,14,14,17,27.153,26.970,26.776,26.162,25.544,24.863,24.140,5,7,6,6,6,6,6,6,6
292220 MUNIZ FERREIRA,-,3,3,4,4,4,6,7,7,7.464,7.443,7.422,7.354,7.284,7.208,7.129,1,3,3,3,4,3,3,4,4
292225 MUQUEM DE SAO FRANCISCO,3,3,2,4,5,5,9,9,9,11.479,11.417,11.348,11.137,10.922,10.688,10.437,4,3,3,4,4,4,4,4,4
292230 MURITIBA,4,9,10,10,10,10,13,15,15,29.420,29.410,29.399,29.364,29.329,29.290,29.248,9,10,9,9,9,9,9,9,9
292240 MUTUIPE,6,6,6,6,7,7,13,14,14,22.340,22.282,22.221,22.026,21.830,21.616,21.387,5,6,6,6,6,7,8,8,7
292250 NAZARE,4,10,10,10,12,12,12,23,24,28.661,28.594,28.525,28.301,28.076,27.829,27.565,6,12,11,10,12,12,11,11,12
292260 NILO PECANHA,-,5,5,5,5,5,8,9,9,14.156,14.079,13.997,13.742,13.483,13.199,12.894,5,5,6,6,6,6,6,5,5
292265 NORDESTINA,4,5,6,6,6,7,12,12,12,13.197,13.164,13.130,13.023,12.915,12.796,12.669,5,6,6,6,6,6,6,7,8
292270 NOVA CANAA,-,6,6,8,9,9,16,15,15,16.482,16.472,16.462,16.430,16.398,16.363,16.326,6,7,7,9,9,9,9,10,10
292273 NOVA FATIMA,-,3,3,3,3,3,7,7,7,7.830,7.821,7.812,7.781,7.751,7.718,7.682,4,4,3,3,3,4,4,4,4
292275 NOVA IBIA,-,3,4,4,4,3,6,6,6,6.518,6.554,6.591,6.711,6.834,6.966,7.108,1,4,3,3,4,4,4,3,3
292280 NOVA ITARANA,-,3,3,3,3,4,8,8,8,8.328,8.279,8.226,8.060,7.893,7.708,7.512,3,3,4,3,5,5,5,6,6
292285 NOVA REDENCAO,1,2,3,3,4,4,6,6,7,9.126,9.123,9.118,9.107,9.092,9.080,9.064,2,2,3,3,4,4,4,4,5
292290 NOVA SOURE,4,6,5,6,8,10,18,18,20,27.047,26.998,26.947,26.784,26.619,26.439,26.247,4,7,8,7,8,9,9,9,9
292300 NOVA VICOSA,-,11,13,14,8,14,24,25,25,44.170,43.783,43.376,42.080,40.774,39.342,37.814,11,12,13,12,8,12,12,12,12
292303 NOVO HORIZONTE,3,3,4,4,6,7,10,12,12,12.653,12.522,12.385,11.947,11.505,11.022,10.506,3,4,5,5,5,6,6,6,6
292305 NOVO TRIUNFO,-,1,1,2,2,2,3,4,4,15.445,15.443,15.440,15.431,15.423,15.413,15.403,1,1,1,1,1,1,1,1,1
292310 OLINDINA,-,1,-,-,7,7,10,13,15,28.373,28.304,28.229,27.991,27.754,27.491,27.210,6,1,1,1,8,8,8,8,7
292320 OLIVEIRA DOS BREJINHOS,5,4,6,6,8,8,15,17,17,21.797,21.810,21.825,21.869,21.913,21.963,22.015,5,4,6,6,7,7,8,10,9
292330 OURICANGAS,2,3,3,4,4,4,7,7,7,8.575,8.570,8.564,8.546,8.529,8.510,8.489,2,5,5,4,5,5,5,5,5
292335 OUROLANDIA,3,6,7,8,8,8,12,13,13,17.567,17.511,17.451,17.261,17.069,16.859,16.635,6,5,6,7,8,8,8,8,8
292340 PALMAS DE MONTE ALTO,2,4,4,4,5,6,20,19,18,21.840,21.796,21.750,21.605,21.458,21.297,21.125,2,3,4,3,3,4,9,9,9
292350 PALMEIRAS,2,3,3,4,4,4,6,6,6,9.123,9.071,9.019,8.847,8.674,8.485,8.284,3,3,3,4,5,5,5,5,5
292360 PARAMIRIM,8,9,11,11,10,10,18,21,22,21.777,21.695,21.607,21.333,21.055,20.752,20.427,4,8,10,11,13,12,12,12,12
292370 PARATINGA,2,1,4,5,7,7,9,9,11,32.274,32.141,32.000,31.554,31.104,30.609,30.083,3,1,3,5,6,6,6,8,8
292380 PARIPIRANGA,-,4,7,9,2,2,4,4,15,29.124,29.058,28.989,28.770,28.549,28.304,28.046,1,1,3,6,2,2,2,3,11
292390 PAU BRASIL,-,3,3,4,4,4,5,5,4,9.550,9.686,9.831,10.286,10.747,11.253,11.792,1,1,1,2,2,2,2,2,2
292400 PAULO AFONSO,-,26,29,29,29,30,59,59,59,119.213,118.516,117.782,115.447,113.096,110.515,107.763,19,24,27,27,26,27,29,29,29
292405 PE DE SERRA,-,5,6,6,5,5,10,10,11,13.535,13.556,13.578,13.649,13.719,13.798,13.881,1,5,6,6,6,6,6,6,7
292410 PEDRAO,-,3,3,3,3,3,7,7,7,7.438,7.394,7.347,7.200,7.050,6.886,6.712,2,3,5,5,3,3,3,3,3
292420 PEDRO ALEXANDRE,-,4,4,5,5,5,6,7,10,16.698,16.682,16.667,16.618,16.567,16.515,16.456,1,4,4,4,4,4,4,5,7
292430 PIATA,5,6,6,6,6,6,-,-,-,16.854,16.984,17.123,17.567,18.013,18.502,19.024,4,6,6,6,6,6,-,-,-
292440 PILAO ARCADO,-,3,3,4,4,4,4,4,4,35.295,35.175,35.048,34.644,34.239,33.793,33.318,1,1,1,2,2,2,2,2,2
292450 PINDAI,4,5,5,5,7,7,11,13,14,16.308,16.285,16.260,16.183,16.105,16.020,15.928,6,7,5,5,6,6,7,8,9
292460 PINDOBACU,-,5,6,8,8,8,15,14,16,20.048,20.098,20.150,20.317,20.486,20.670,20.867,2,4,6,8,8,8,10,9,11
292465 PINTADAS,4,4,3,3,3,3,6,6,8,10.353,10.394,10.437,10.575,10.713,10.867,11.029,4,4,3,3,3,3,3,3,4
292467 PIRAI DO NORTE,3,4,3,4,4,4,6,6,8,10.050,10.036,10.023,9.977,9.932,9.883,9.830,3,4,4,4,4,4,4,5,6
292470 PIRIPA,3,6,7,7,7,7,10,11,11,10.253,10.475,10.707,11.449,12.197,13.017,13.892,4,7,7,6,6,6,7,7,7
292480 PIRITIBA,-,6,6,6,8,7,13,13,13,25.162,24.964,24.755,24.093,23.422,22.690,21.907,4,8,7,6,7,7,8,8,8
292490 PLANALTINO,-,6,6,6,6,6,10,10,10,9.415,9.370,9.322,9.169,9.016,8.846,8.667,4,5,5,5,5,5,5,5,5
292500 PLANALTO,5,8,9,11,11,11,14,16,16,26.581,26.426,26.265,25.745,25.222,24.650,24.036,5,7,7,11,10,10,10,11,10
292510 POCOES,1,9,11,14,18,18,29,29,31,46.885,46.879,46.871,46.844,46.819,46.789,46.759,5,8,10,10,12,12,13,12,13
292520 POJUCA,-,12,13,13,13,13,21,20,22,40.401,39.972,39.519,38.078,36.626,35.035,33.336,7,14,12,12,12,12,13,13,13
292525 PONTO NOVO,-,5,6,7,8,8,14,15,16,14.729,14.819,14.914,15.213,15.514,15.845,16.200,4,5,6,11,8,8,9,9,9
292530 PORTO SEGURO,32,41,42,43,45,45,79,79,75,152.529,150.658,148.686,142.416,136.094,129.161,121.764,37,39,38,38,41,41,43,43,42
292540 POTIRAGUA,3,4,3,5,5,5,8,8,8,6.623,6.916,7.224,8.207,9.196,10.282,11.441,5,5,4,5,5,5,5,5,5
292550 PRADO,-,12,12,12,14,14,30,28,26,28.214,28.194,28.174,28.108,28.043,27.972,27.895,13,12,13,11,12,12,12,12,12
292560 PRESIDENTE DUTRA,3,5,7,7,7,7,13,13,13,15.180,15.160,15.142,15.076,15.013,14.941,14.865,2,4,6,7,7,7,7,7,6
292570 PRESIDENTE JANIO QUADROS,1,5,8,8,8,8,13,14,14,12.028,12.179,12.338,12.843,13.353,13.912,14.511,6,6,8,7,8,8,8,8,8
292575 PRESIDENTE TANCREDO NEVES,5,7,8,8,8,9,17,17,17,28.272,28.004,27.719,26.816,25.905,24.907,23.841,5,7,8,8,8,9,9,9,9
292580 QUEIMADAS,2,7,8,9,7,9,13,14,12,25.428,25.433,25.439,25.457,25.475,25.496,25.517,1,6,6,7,6,7,8,8,8
292590 QUIJINGUE,-,9,9,10,10,10,14,14,17,27.672,27.626,27.580,27.431,27.281,27.116,26.940,8,9,9,9,10,11,11,10,11
292593 QUIXABEIRA,2,2,2,3,5,5,9,9,9,8.939,8.956,8.972,9.028,9.084,9.145,9.211,1,1,2,2,6,6,5,4,4
292595 RAFAEL JAMBEIRO,7,10,10,10,10,10,19,21,21,22.643,22.633,22.621,22.586,22.550,22.511,22.470,6,8,8,8,9,9,9,10,10
292600 REMANSO,-,4,5,5,5,7,11,11,15,41.324,41.170,41.008,40.492,39.972,39.402,38.793,9,2,3,3,3,3,3,3,4
292610 RETIROLANDIA,-,4,4,4,5,5,10,12,13,14.588,14.495,14.396,14.085,13.772,13.428,13.061,3,4,4,5,6,6,6,7,7
292620 RIACHAO DAS NEVES,5,5,7,9,10,10,17,17,17,22.330,22.334,22.339,22.353,22.368,22.384,22.401,3,4,6,8,8,8,8,8,8
292630 RIACHAO DO JACUIPE,-,10,12,12,11,11,18,22,23,33.498,33.468,33.436,33.335,33.235,33.123,33.006,7,9,11,11,11,11,11,13,13
292640 RIACHO DE SANTANA,4,7,10,12,12,13,24,23,23,35.757,35.593,35.421,34.870,34.314,33.706,33.058,3,6,9,10,10,11,13,13,12
292650 RIBEIRA DO AMPARO,6,1,1,2,1,1,2,2,2,14.631,14.612,14.592,14.524,14.458,14.385,14.307,6,1,1,2,1,1,1,1,1
292660 RIBEIRA DO POMBAL,12,4,4,18,19,20,36,36,35,54.097,53.956,53.807,53.335,52.859,52.338,51.782,11,2,2,15,15,25,29,29,29
292665 RIBEIRAO DO LARGO,3,5,5,6,6,6,7,7,7,4.896,5.343,5.812,7.308,8.816,10.469,12.233,4,5,5,5,5,5,5,5,5
292670 RIO DE CONTAS,4,4,5,6,7,7,13,13,13,12.878,12.932,12.989,13.168,13.349,13.548,13.761,6,6,7,7,8,8,8,8,8
292680 RIO DO ANTONIO,3,3,5,5,5,5,9,10,10,15.521,15.448,15.371,15.125,14.876,14.603,14.313,4,3,6,6,6,6,7,7,7
292690 RIO DO PIRES,3,5,5,6,7,7,12,12,12,11.672,11.663,11.655,11.627,11.598,11.567,11.534,3,5,5,6,6,6,6,6,6
292700 RIO REAL,-,10,10,10,10,10,15,16,16,41.209,40.976,40.732,39.952,39.166,38.304,37.385,12,10,10,10,10,10,10,10,10
292710 RODELAS,-,4,4,4,4,4,7,7,7,9.548,9.442,9.331,8.974,8.614,8.220,7.799,4,4,5,5,5,5,5,5,5
292720 RUY BARBOSA,-,7,8,9,9,10,20,20,20,30.900,30.857,30.814,30.672,30.531,30.375,30.209,3,8,10,10,12,12,12,13,13
292730 SALINAS DA MARGARIDA,3,1,1,-,6,6,10,10,10,16.047,15.862,15.667,15.048,14.422,13.737,13.006,5,1,1,-,5,5,5,5,5
292740 SALVADOR,67,210,227,304,370,430,932,954,978,2.900.319,2.886.698,2.872.347,2.826.684,2.780.654,2.730.181,2.676.330,116,126,117,125,147,159,166,168,170
292750 SANTA BARBARA,-,1,7,8,8,8,8,12,12,20.971,20.883,20.791,20.497,20.202,19.877,19.531,5,1,7,7,7,7,8,8,8
292760 SANTA BRIGIDA,-,-,-,7,7,7,12,12,13,13.917,14.063,14.213,14.698,15.184,15.721,16.292,1,2,2,8,7,7,7,7,7
292770 SANTA CRUZ CABRALIA,9,10,10,10,11,13,23,25,25,28.058,27.922,27.778,27.319,26.859,26.353,25.813,11,10,10,10,11,14,15,14,14
292780 SANTA CRUZ DA VITORIA,2,2,2,3,3,3,5,5,5,6.241,6.278,6.315,6.436,6.557,6.691,6.833,1,2,2,2,2,2,3,3,3
292790 SANTA INES,5,5,5,6,6,6,9,10,10,10.583,10.606,10.631,10.708,10.788,10.872,10.965,3,3,3,4,4,5,5,5,5
292800 SANTALUZ,4,3,7,10,11,11,18,18,19,37.704,37.531,37.348,36.769,36.186,35.543,34.859,17,3,7,9,10,10,11,11,12
292805 SANTA LUZIA,5,6,6,6,7,7,11,11,12,12.308,12.449,12.597,13.065,13.538,14.056,14.611,5,5,5,5,5,5,5,5,5
292810 SANTA MARIA DA VITORIA,-,10,12,14,17,17,26,23,24,39.707,39.775,39.845,40.073,40.302,40.552,40.820,9,10,12,13,14,14,15,15,14
292820 SANTANA,3,2,4,4,8,8,13,13,13,26.792,26.705,26.614,26.322,26.029,25.708,25.365,3,2,3,3,7,7,7,7,7
292830 SANTANOPOLIS,2,-,1,4,4,4,6,7,7,8.987,8.966,8.943,8.873,8.802,8.724,8.640,2,-,1,3,3,3,3,3,3
292840 SANTA RITA DE CASSIA,6,7,9,13,14,14,20,20,20,28.613,28.481,28.338,27.891,27.438,26.942,26.414,6,6,8,9,10,10,10,10,10
292850 SANTA TERESINHA,4,4,5,5,5,5,9,10,10,10.520,10.464,10.405,10.219,10.032,9.825,9.605,4,4,4,4,4,4,4,5,6
292860 SANTO AMARO,-,13,15,14,16,16,33,30,31,60.190,60.131,60.069,59.872,59.674,59.457,59.227,4,13,14,13,15,16,17,17,17
292870 SANTO ANTONIO DE JESUS,19,24,24,24,25,25,43,46,56,103.204,102.380,101.512,98.750,95.966,92.913,89.654,22,23,24,24,26,26,26,26,26
292880 SANTO ESTEVAO,10,13,15,16,18,18,33,35,36,53.666,53.269,52.850,51.516,50.173,48.699,47.126,10,11,12,13,14,14,14,14,14
292890 SAO DESIDERIO,-,5,5,10,13,12,25,26,27,34.764,34.266,33.742,32.074,30.390,28.546,26.579,4,6,6,15,14,14,15,16,17
292895 SAO DOMINGOS,-,2,3,3,4,4,10,11,10,9.085,9.072,9.058,9.011,8.963,8.911,8.857,5,5,6,3,6,6,7,7,7
292900 SAO FELIX,6,6,6,6,6,6,12,12,12,14.784,14.762,14.740,14.670,14.598,14.520,14.436,6,6,6,6,6,6,6,6,6
292905 SAO FELIX DO CORIBE,5,5,4,8,8,8,15,14,14,15.543,15.468,15.391,15.144,14.892,14.617,14.325,5,5,5,7,8,8,8,8,8
292910 SAO FELIPE,4,5,6,7,7,7,13,13,13,21.083,21.080,21.074,21.057,21.039,21.021,21.001,5,5,5,6,6,6,6,6,6
292920 SAO FRANCISCO DO CONDE,5,12,13,14,16,16,31,31,32,40.664,40.245,39.802,38.392,36.972,35.414,33.752,5,13,14,15,17,17,17,17,17
292925 SAO GABRIEL,-,1,1,2,2,1,2,2,2,18.785,18.789,18.793,18.806,18.819,18.833,18.849,4,1,1,1,1,1,2,2,1
292930 SAO GONCALO DOS CAMPOS,5,11,12,13,13,13,24,24,24,38.315,37.942,37.550,36.301,35.042,33.662,32.190,8,10,11,11,11,11,12,12,12
292935 SAO JOSE DA VITORIA,1,1,1,2,3,3,5,6,6,5.562,5.608,5.657,5.813,5.972,6.146,6.331,1,1,1,1,4,4,4,4,4
292937 SAO JOSE DO JACUIPE,3,3,4,4,5,5,9,9,9,10.546,10.505,10.462,10.323,10.184,10.030,9.866,2,2,4,4,6,6,6,6,6
292940 SAO MIGUEL DAS MATAS,3,4,4,4,4,4,8,8,9,11.733,11.704,11.675,11.581,11.485,11.382,11.270,6,4,4,4,3,3,4,3,5
292950 SAO SEBASTIAO DO PASSE,11,14,13,12,16,16,27,28,28,44.554,44.430,44.300,43.886,43.469,43.012,42.524,12,14,13,12,16,16,16,16,16
292960 SAPEACU,6,7,8,8,9,9,16,17,14,17.421,17.409,17.398,17.363,17.327,17.288,17.246,8,8,8,8,8,8,8,8,7
292970 SATIRO DIAS,-,5,4,7,8,6,12,13,12,17.330,17.302,17.273,17.181,17.088,16.985,16.876,4,5,5,6,6,6,6,6,6
292975 SAUBARA,3,2,3,3,4,5,7,7,8,12.163,12.105,12.043,11.845,11.647,11.429,11.197,3,3,3,3,4,6,6,6,6
292980 SAUDE,2,2,4,4,5,5,9,9,10,12.971,12.943,12.913,12.821,12.728,12.625,12.515,3,1,4,4,6,6,6,5,5
292990 SEABRA,-,6,8,8,9,10,17,17,19,44.370,44.234,44.091,43.635,43.175,42.673,42.136,4,7,7,7,7,7,7,7,8
293000 SEBASTIAO LARANJEIRAS,4,4,5,6,6,6,9,11,12,11.586,11.512,11.434,11.184,10.932,10.656,10.362,3,3,4,5,5,5,5,5,5
293010 SENHOR DO BONFIM,8,12,13,16,16,17,30,30,30,79.813,79.424,79.015,77.714,76.402,74.964,73.428,10,11,13,15,15,16,19,19,19
293015 SERRA DO RAMALHO,-,2,1,1,1,1,1,1,2,31.362,31.416,31.472,31.651,31.833,32.031,32.243,1,1,1,1,1,1,1,1,1
293020 SENTO SE,3,4,6,9,12,12,13,13,14,41.279,40.989,40.684,39.713,38.734,37.662,36.516,1,2,4,5,6,6,6,8,8
293030 SERRA DOURADA,1,1,5,6,4,4,6,3,16,17.261,17.321,17.386,17.587,17.792,18.015,18.254,1,1,5,5,3,3,3,2,8
293040 SERRA PRETA,-,7,7,7,8,8,12,14,14,14.531,14.699,14.878,15.442,16.012,16.637,17.303,7,8,8,8,8,8,9,8,8
293050 SERRINHA,8,14,17,23,23,25,36,36,37,81.693,81.286,80.861,79.500,78.129,76.624,75.022,6,11,14,14,17,19,20,20,21
293060 SERROLANDIA,-,1,2,2,2,5,9,9,10,13.490,13.446,13.397,13.244,13.091,12.922,12.743,2,1,2,2,2,5,6,6,6
293070 SIMOES FILHO,7,18,18,20,20,23,47,47,48,137.117,135.783,134.377,129.905,125.396,120.453,115.179,12,14,15,15,16,17,19,19,19
293075 SITIO DO MATO,-,7,7,7,7,7,10,11,11,13.104,13.059,13.012,12.865,12.714,12.551,12.375,5,6,6,6,6,6,6,6,6
293076 SITIO DO QUINTO,1,5,3,5,6,6,10,11,11,9.431,9.701,9.986,10.893,11.807,12.809,13.879,5,5,4,5,5,5,6,5,5
293077 SOBRADINHO,-,9,9,9,10,7,14,14,14,23.274,23.233,23.191,23.054,22.915,22.764,22.603,3,8,8,8,8,7,8,8,8
293080 SOUTO SOARES,3,4,5,6,5,5,10,10,10,17.118,17.050,16.979,16.754,16.527,16.277,16.011,4,6,8,8,9,7,8,8,8
293090 TABOCAS DO BREJO VELHO,5,2,2,2,2,2,3,3,3,12.515,12.516,12.518,12.519,12.519,12.521,12.523,6,2,2,2,1,1,1,1,1
293100 TANHACU,3,8,8,8,9,9,14,16,17,20.383,20.393,20.403,20.440,20.475,20.515,20.557,6,9,8,8,8,8,9,8,9
293105 TANQUE NOVO,-,6,6,8,8,9,17,17,17,17.518,17.443,17.366,17.118,16.867,16.594,16.298,4,6,6,7,8,8,9,9,9
293110 TANQUINHO,2,2,3,4,4,4,6,6,6,7.936,7.928,7.918,7.888,7.858,7.825,7.790,2,2,3,3,3,3,4,4,4
293120 TAPEROA,4,5,4,7,9,9,11,11,11,21.421,21.253,21.074,20.509,19.939,19.314,18.646,5,6,6,7,7,7,7,8,8
293130 TAPIRAMUTA,3,5,5,6,6,6,11,11,11,16.939,16.974,17.010,17.122,17.238,17.363,17.497,4,5,5,5,5,5,5,5,5
293135 TEIXEIRA DE FREITAS,1,37,35,46,47,49,75,76,76,164.290,162.438,160.487,154.279,148.022,141.160,133.839,36,37,35,40,42,43,44,44,44
293140 TEODORO SAMPAIO,1,4,4,4,4,4,8,8,8,7.296,7.359,7.425,7.633,7.844,8.076,8.322,4,5,5,5,4,4,4,4,4
293150 TEOFILANDIA,1,3,5,3,3,3,15,16,18,22.590,22.555,22.518,22.400,22.282,22.153,22.014,2,3,4,3,3,3,9,10,12
293160 TEOLANDIA,4,5,5,6,6,6,11,13,14,15.097,15.022,14.943,14.693,14.440,14.163,13.869,4,5,5,6,6,6,6,7,7
293170 TERRA NOVA,3,4,5,5,5,5,10,10,10,13.018,13.025,13.033,13.059,13.085,13.112,13.143,3,4,5,5,5,5,5,5,5
293180 TREMEDAL,2,6,6,7,7,8,14,15,15,15.996,16.189,16.394,17.046,17.703,18.425,19.190,2,7,7,8,9,9,9,9,11
293190 TUCANO,11,13,13,17,19,16,23,28,29,50.903,50.798,50.687,50.330,49.972,49.579,49.161,12,14,14,19,19,19,19,18,18
293200 UAUA,5,1,1,1,2,2,2,2,2,23.991,24.113,24.240,24.642,25.049,25.494,25.970,5,1,1,1,3,3,3,3,3
293210 UBAIRA,3,4,4,7,7,7,12,12,12,19.860,19.877,19.895,19.950,20.004,20.067,20.129,3,3,3,6,6,6,6,6,6
293220 UBAITABA,4,4,4,4,6,7,11,15,15,18.647,18.847,19.056,19.723,20.396,21.133,21.920,5,5,4,4,5,6,6,8,8
293230 UBATA,3,3,6,7,8,8,11,11,11,27.481,27.263,27.035,26.306,25.572,24.768,23.908,2,2,6,6,7,7,7,7,7
293240 UIBAI,-,-,3,6,6,6,11,11,11,13.894,13.891,13.887,13.877,13.866,13.855,13.843,2,-,2,5,5,5,5,5,5
293245 UMBURANAS,-,5,5,5,6,6,12,15,15,19.573,19.402,19.222,18.648,18.071,17.436,16.761,4,4,5,3,5,5,5,6,7
293250 UNA,-,7,8,9,11,11,20,21,21,18.108,18.544,19.002,20.466,21.942,23.560,25.285,7,6,7,8,10,10,10,10,10
293260 URANDI,-,-,1,1,3,3,6,6,6,16.672,16.665,16.658,16.637,16.615,16.592,16.567,1,-,1,1,2,2,2,2,2
293270 URUCUCA,5,6,6,6,5,6,11,11,13,20.312,20.413,20.519,20.857,21.197,21.570,21.969,8,7,7,7,8,7,7,7,7
293280 UTINGA,4,6,6,6,6,4,8,8,8,19.330,19.256,19.178,18.933,18.687,18.417,18.127,9,8,8,8,7,4,4,4,4
293290 VALENCA,12,18,16,17,21,21,41,42,43,97.873,97.233,96.562,94.419,92.261,89.895,87.370,33,32,16,17,19,18,23,24,24
293300 VALENTE,-,1,1,1,2,2,14,15,15,29.111,28.800,28.473,27.433,26.384,25.235,24.007,1,1,1,1,3,3,9,10,10
293305 VARZEA DA ROCA,1,5,6,7,6,7,13,13,13,14.135,14.121,14.104,14.052,13.999,13.941,13.881,2,5,5,6,6,6,6,6,6
293310 VARZEA DO POCO,1,3,3,3,3,3,5,5,5,9.247,9.210,9.170,9.046,8.920,8.782,8.635,1,3,3,4,3,3,3,3,3
293315 VARZEA NOVA,1,2,4,4,6,6,9,9,9,12.556,12.625,12.697,12.925,13.156,13.408,13.679,5,4,5,4,7,7,8,8,8
293317 VARZEDO,3,3,5,5,6,6,11,11,11,8.734,8.785,8.838,9.009,9.181,9.371,9.572,5,3,4,4,5,5,5,5,5
293320 VERA CRUZ,11,11,12,12,14,14,24,24,25,44.185,43.716,43.223,41.652,40.069,38.333,36.481,11,12,12,12,12,12,12,12,13
293325 VEREDA,2,3,3,3,4,4,7,7,7,6.105,6.153,6.205,6.367,6.531,6.710,6.902,2,3,3,3,3,3,3,3,3
293330 VITORIA DA CONQUISTA,42,53,53,59,58,65,105,111,112,343.643,341.128,338.480,330.056,321.563,312.250,302.315,34,36,39,43,45,45,45,47,48
293340 WAGNER,3,3,3,5,5,5,8,9,9,9.342,9.344,9.345,9.350,9.354,9.360,9.365,3,3,3,4,4,4,4,4,4
293345 WANDERLEY,2,1,1,-,-,-,2,2,2,12.125,12.180,12.238,12.423,12.610,12.814,13.032,2,1,2,1,1,1,1,1,1
293350 WENCESLAU GUIMARAES,11,12,12,12,12,12,-,-,-,20.862,20.978,21.101,21.490,21.882,22.313,22.772,8,9,9,8,8,8,-,-,-
293360 XIQUE-XIQUE,8,11,15,17,14,15,28,24,24,46.562,46.523,46.483,46.355,46.226,46.084,45.934,6,8,10,11,12,13,13,12,12